contact_id,first_name,last_name,email
4661,Cecilia,Velasco,cecilia.velasco@rodrigues.fr
4662,Cecilia,Velasco,cecilia.velasco@rodrigues.fr
4663,Cecilia,Velasco,cecilia.velasco@rodrigues.fr
4664,Cecilia,Velasco,cecilia.velasco@rodrigues.fr
4665,Cecilia,Velasco,cecilia.velasco@rodrigues.fr
4666,Cecilia,Velasco,cecilia.velasco@rodrigues.fr
4667,Cecilia,Velasco,cecilia.velasco@rodrigues.fr
4668,Cecilia,Velasco,cecilia.velasco@rodrigues.fr
4669,Cecilia,Velasco,cecilia.velasco@rodrigues.fr
4670,Cecilia,Velasco,cecilia.velasco@rodrigues.fr
4671,Cecilia,Velasco,cecilia.velasco@rodrigues.fr
4672,Cecilia,Velasco,cecilia.velasco@rodrigues.fr
4673,Cecilia,Velasco,cecilia.velasco@rodrigues.fr
4674,Cecilia,Velasco,cecilia.velasco@rodrigues.fr
4675,Cecilia,Velasco,cecilia.velasco@rodrigues.fr
4676,Cecilia,Velasco,cecilia.velasco@rodrigues.fr
4677,Cecilia,Velasco,cecilia.velasco@rodrigues.fr
4678,Cecilia,Velasco,cecilia.velasco@rodrigues.fr
4679,Cecilia,Velasco,cecilia.velasco@rodrigues.fr
4680,Cecilia,Velasco,cecilia.velasco@rodrigues.fr
4681,Cecilia,Velasco,cecilia.velasco@rodrigues.fr
4682,Cecilia,Velasco,cecilia.velasco@rodrigues.fr
4683,Cecilia,Velasco,cecilia.velasco@rodrigues.fr
4684,Cecilia,Velasco,cecilia.velasco@rodrigues.fr
4685,Cecilia,Velasco,cecilia.velasco@rodrigues.fr
4686,Cecilia,Velasco,cecilia.velasco@rodrigues.fr
4687,Cecilia,Velasco,cecilia.velasco@rodrigues.fr
4688,Cecilia,Velasco,cecilia.velasco@rodrigues.fr
4689,Cecilia,Velasco,cecilia.velasco@rodrigues.fr
4690,Cecilia,Velasco,cecilia.velasco@rodrigues.fr
4691,Cecilia,Velasco,cecilia.velasco@rodrigues.fr
4692,Cecilia,Velasco,cecilia.velasco@rodrigues.fr
4693,Cecilia,Velasco,cecilia.velasco@rodrigues.fr
4694,Cecilia,Velasco,cecilia.velasco@rodrigues.fr
4695,Cecilia,Velasco,cecilia.velasco@rodrigues.fr
4696,Cecilia,Velasco,cecilia.velasco@rodrigues.fr
4697,Cecilia,Velasco,cecilia.velasco@rodrigues.fr
4698,Cecilia,Velasco,cecilia.velasco@rodrigues.fr
4699,Cecilia,Velasco,cecilia.velasco@rodrigues.fr
4700,Cecilia,Velasco,cecilia.velasco@rodrigues.fr
4701,Cecilia,Velasco,cecilia.velasco@rodrigues.fr
4702,Cecilia,Velasco,cecilia.velasco@rodrigues.fr
4703,Cecilia,Velasco,cecilia.velasco@rodrigues.fr
4704,Cecilia,Velasco,cecilia.velasco@rodrigues.fr
4705,Cecilia,Velasco,cecilia.velasco@rodrigues.fr
4706,Cecilia,Velasco,cecilia.velasco@rodrigues.fr
4707,Cecilia,Velasco,cecilia.velasco@rodrigues.fr
4708,Cecilia,Velasco,cecilia.velasco@rodrigues.fr
4709,Cecilia,Velasco,cecilia.velasco@rodrigues.fr
4710,Cecilia,Velasco,cecilia.velasco@rodrigues.fr
4711,Cecilia,Velasco,cecilia.velasco@rodrigues.fr
4712,Cecilia,Velasco,cecilia.velasco@rodrigues.fr
4713,Cecilia,Velasco,cecilia.velasco@rodrigues.fr
4714,Cecilia,Velasco,cecilia.velasco@rodrigues.fr
4715,Cecilia,Velasco,cecilia.velasco@rodrigues.fr
4716,Cecilia,Velasco,cecilia.velasco@rodrigues.fr
4717,Cecilia,Velasco,cecilia.velasco@rodrigues.fr
4718,Cecilia,Velasco,cecilia.velasco@rodrigues.fr
4719,Cecilia,Velasco,cecilia.velasco@rodrigues.fr
4720,Cecilia,Velasco,cecilia.velasco@rodrigues.fr
4721,Cecilia,Velasco,cecilia.velasco@rodrigues.fr
4722,Cecilia,Velasco,cecilia.velasco@rodrigues.fr
4723,Cecilia,Velasco,cecilia.velasco@rodrigues.fr
4724,Cecilia,Velasco,cecilia.velasco@rodrigues.fr
4725,Cecilia,Velasco,cecilia.velasco@rodrigues.fr
4726,Cecilia,Velasco,cecilia.velasco@rodrigues.fr
4727,Cecilia,Velasco,cecilia.velasco@rodrigues.fr
4728,Cecilia,Velasco,cecilia.velasco@rodrigues.fr
4729,Cecilia,Velasco,cecilia.velasco@rodrigues.fr
4730,Cecilia,Velasco,cecilia.velasco@rodrigues.fr
4731,Cecilia,Velasco,cecilia.velasco@rodrigues.fr
4732,Cecilia,Velasco,cecilia.velasco@rodrigues.fr
4733,Cecilia,Velasco,cecilia.velasco@rodrigues.fr
4734,Cecilia,Velasco,cecilia.velasco@rodrigues.fr
4735,Cecilia,Velasco,cecilia.velasco@rodrigues.fr
4736,Cecilia,Velasco,cecilia.velasco@rodrigues.fr
4737,Cecilia,Velasco,cecilia.velasco@rodrigues.fr
4738,Cecilia,Velasco,cecilia.velasco@rodrigues.fr
4739,Cecilia,Velasco,cecilia.velasco@rodrigues.fr
4740,Cecilia,Velasco,cecilia.velasco@rodrigues.fr
4741,Cecilia,Velasco,cecilia.velasco@rodrigues.fr
4742,Cecilia,Velasco,cecilia.velasco@rodrigues.fr
4743,Cecilia,Velasco,cecilia.velasco@rodrigues.fr
4744,Cecilia,Velasco,cecilia.velasco@rodrigues.fr
4745,Cecilia,Velasco,cecilia.velasco@rodrigues.fr
4746,Cecilia,Velasco,cecilia.velasco@rodrigues.fr
4747,Cecilia,Velasco,cecilia.velasco@rodrigues.fr
4748,Cecilia,Velasco,cecilia.velasco@rodrigues.fr
4749,Cecilia,Velasco,cecilia.velasco@rodrigues.fr
4750,Cecilia,Velasco,cecilia.velasco@rodrigues.fr
4751,Cecilia,Velasco,cecilia.velasco@rodrigues.fr
4752,Cecilia,Velasco,cecilia.velasco@rodrigues.fr
4753,Cecilia,Velasco,cecilia.velasco@rodrigues.fr
4754,Cecilia,Velasco,cecilia.velasco@rodrigues.fr
4755,Cecilia,Velasco,cecilia.velasco@rodrigues.fr
4756,Cecilia,Velasco,cecilia.velasco@rodrigues.fr
4757,Cecilia,Velasco,cecilia.velasco@rodrigues.fr
4758,Cecilia,Velasco,cecilia.velasco@rodrigues.fr
4759,Cecilia,Velasco,cecilia.velasco@rodrigues.fr
4760,Cecilia,Velasco,cecilia.velasco@rodrigues.fr
4761,Cecilia,Velasco,cecilia.velasco@rodrigues.fr
4762,Cecilia,Velasco,cecilia.velasco@rodrigues.fr
4763,Cecilia,Velasco,cecilia.velasco@rodrigues.fr
4764,Cecilia,Velasco,cecilia.velasco@rodrigues.fr
4765,Cecilia,Velasco,cecilia.velasco@rodrigues.fr
4766,Cecilia,Velasco,cecilia.velasco@rodrigues.fr
4767,Cecilia,Velasco,cecilia.velasco@rodrigues.fr
4768,Cecilia,Velasco,cecilia.velasco@rodrigues.fr
4769,Cecilia,Velasco,cecilia.velasco@rodrigues.fr
4770,Cecilia,Velasco,cecilia.velasco@rodrigues.fr
4771,Cecilia,Velasco,cecilia.velasco@rodrigues.fr
4772,Cecilia,Velasco,cecilia.velasco@rodrigues.fr
4773,Cecilia,Velasco,cecilia.velasco@rodrigues.fr
4774,Cecilia,Velasco,cecilia.velasco@rodrigues.fr
4775,Cecilia,Velasco,cecilia.velasco@rodrigues.fr
4776,Cecilia,Velasco,cecilia.velasco@rodrigues.fr
4777,Cecilia,Velasco,cecilia.velasco@rodrigues.fr
4778,Cecilia,Velasco,cecilia.velasco@rodrigues.fr
4779,Cecilia,Velasco,cecilia.velasco@rodrigues.fr
4780,Cecilia,Velasco,cecilia.velasco@rodrigues.fr
4781,Cecilia,Velasco,cecilia.velasco@rodrigues.fr
4782,Cecilia,Velasco,cecilia.velasco@rodrigues.fr
4783,Cecilia,Velasco,cecilia.velasco@rodrigues.fr
4784,Cecilia,Velasco,cecilia.velasco@rodrigues.fr
4785,Cecilia,Velasco,cecilia.velasco@rodrigues.fr
4786,Cecilia,Velasco,cecilia.velasco@rodrigues.fr
4787,Cecilia,Velasco,cecilia.velasco@rodrigues.fr
4788,Cecilia,Velasco,cecilia.velasco@rodrigues.fr
4789,Cecilia,Velasco,cecilia.velasco@rodrigues.fr
4790,Cecilia,Velasco,cecilia.velasco@rodrigues.fr
4791,Cecilia,Velasco,cecilia.velasco@rodrigues.fr
4792,Cecilia,Velasco,cecilia.velasco@rodrigues.fr
4793,Cecilia,Velasco,cecilia.velasco@rodrigues.fr
4794,Cecilia,Velasco,cecilia.velasco@rodrigues.fr
4795,Cecilia,Velasco,cecilia.velasco@rodrigues.fr
4796,Cecilia,Velasco,cecilia.velasco@rodrigues.fr
4797,Cecilia,Velasco,cecilia.velasco@rodrigues.fr
4798,Cecilia,Velasco,cecilia.velasco@rodrigues.fr
4799,Cecilia,Velasco,cecilia.velasco@rodrigues.fr
4800,Cecilia,Velasco,cecilia.velasco@rodrigues.fr
4801,Cecilia,Velasco,cecilia.velasco@rodrigues.fr
4802,Cecilia,Velasco,cecilia.velasco@rodrigues.fr
4803,Cecilia,Velasco,cecilia.velasco@rodrigues.fr
4804,Cecilia,Velasco,cecilia.velasco@rodrigues.fr
4805,Cecilia,Velasco,cecilia.velasco@rodrigues.fr
4806,Cecilia,Velasco,cecilia.velasco@rodrigues.fr
4807,Cecilia,Velasco,cecilia.velasco@rodrigues.fr
4808,Cecilia,Velasco,cecilia.velasco@rodrigues.fr
4809,Cecilia,Velasco,cecilia.velasco@rodrigues.fr
4810,Cecilia,Velasco,cecilia.velasco@rodrigues.fr
4811,Cecilia,Velasco,cecilia.velasco@rodrigues.fr
4812,Cecilia,Velasco,cecilia.velasco@rodrigues.fr
4813,Cecilia,Velasco,cecilia.velasco@rodrigues.fr
4814,Cecilia,Velasco,cecilia.velasco@rodrigues.fr
4815,Cecilia,Velasco,cecilia.velasco@rodrigues.fr
4816,Cecilia,Velasco,cecilia.velasco@rodrigues.fr
4817,Cecilia,Velasco,cecilia.velasco@rodrigues.fr
4818,Cecilia,Velasco,cecilia.velasco@rodrigues.fr
4819,Cecilia,Velasco,cecilia.velasco@rodrigues.fr
4820,Cecilia,Velasco,cecilia.velasco@rodrigues.fr
4821,Cecilia,Velasco,cecilia.velasco@rodrigues.fr
4822,Cecilia,Velasco,cecilia.velasco@rodrigues.fr
4823,Cecilia,Velasco,cecilia.velasco@rodrigues.fr
4824,Cecilia,Velasco,cecilia.velasco@rodrigues.fr
4825,Cecilia,Velasco,cecilia.velasco@rodrigues.fr
4826,Cecilia,Velasco,cecilia.velasco@rodrigues.fr
4827,Cecilia,Velasco,cecilia.velasco@rodrigues.fr
4828,Cecilia,Velasco,cecilia.velasco@rodrigues.fr
4829,Cecilia,Velasco,cecilia.velasco@rodrigues.fr
4830,Cecilia,Velasco,cecilia.velasco@rodrigues.fr
4831,Cecilia,Velasco,cecilia.velasco@rodrigues.fr
4832,Cecilia,Velasco,cecilia.velasco@rodrigues.fr
4833,Cecilia,Velasco,cecilia.velasco@rodrigues.fr
4834,Cecilia,Velasco,cecilia.velasco@rodrigues.fr
4835,Cecilia,Velasco,cecilia.velasco@rodrigues.fr
4836,Cecilia,Velasco,cecilia.velasco@rodrigues.fr
4837,Cecilia,Velasco,cecilia.velasco@rodrigues.fr
4838,Cecilia,Velasco,cecilia.velasco@rodrigues.fr
4839,Cecilia,Velasco,cecilia.velasco@rodrigues.fr
4840,Cecilia,Velasco,cecilia.velasco@rodrigues.fr
4841,Cecilia,Velasco,cecilia.velasco@rodrigues.fr
4842,Cecilia,Velasco,cecilia.velasco@rodrigues.fr
4843,Cecilia,Velasco,cecilia.velasco@rodrigues.fr
4844,Cecilia,Velasco,cecilia.velasco@rodrigues.fr
4845,Cecilia,Velasco,cecilia.velasco@rodrigues.fr
4846,Cecilia,Velasco,cecilia.velasco@rodrigues.fr
4847,Cecilia,Velasco,cecilia.velasco@rodrigues.fr
4848,Cecilia,Velasco,cecilia.velasco@rodrigues.fr
4849,Cecilia,Velasco,cecilia.velasco@rodrigues.fr
4850,Cecilia,Velasco,cecilia.velasco@rodrigues.fr
4851,Cecilia,Velasco,cecilia.velasco@rodrigues.fr
4852,Cecilia,Velasco,cecilia.velasco@rodrigues.fr
4853,Cecilia,Velasco,cecilia.velasco@rodrigues.fr
4854,Cecilia,Velasco,cecilia.velasco@rodrigues.fr
4855,Cecilia,Velasco,cecilia.velasco@rodrigues.fr
4856,Cecilia,Velasco,cecilia.velasco@rodrigues.fr
4857,Cecilia,Velasco,cecilia.velasco@rodrigues.fr
4858,Cecilia,Velasco,cecilia.velasco@rodrigues.fr
4859,Cecilia,Velasco,cecilia.velasco@rodrigues.fr
4860,Cecilia,Velasco,cecilia.velasco@rodrigues.fr
4861,Cecilia,Velasco,cecilia.velasco@rodrigues.fr
4862,Cecilia,Velasco,cecilia.velasco@rodrigues.fr
4863,Cecilia,Velasco,cecilia.velasco@rodrigues.fr
4864,Cecilia,Velasco,cecilia.velasco@rodrigues.fr
4865,Cecilia,Velasco,cecilia.velasco@rodrigues.fr
4866,Cecilia,Velasco,cecilia.velasco@rodrigues.fr
4867,Cecilia,Velasco,cecilia.velasco@rodrigues.fr
4868,Cecilia,Velasco,cecilia.velasco@rodrigues.fr
4869,Cecilia,Velasco,cecilia.velasco@rodrigues.fr
4870,Cecilia,Velasco,cecilia.velasco@rodrigues.fr
4871,Cecilia,Velasco,cecilia.velasco@rodrigues.fr
4872,Cecilia,Velasco,cecilia.velasco@rodrigues.fr
4873,Cecilia,Velasco,cecilia.velasco@rodrigues.fr
4874,Cecilia,Velasco,cecilia.velasco@rodrigues.fr
4875,Cecilia,Velasco,cecilia.velasco@rodrigues.fr
4876,Cecilia,Velasco,cecilia.velasco@rodrigues.fr
4877,Cecilia,Velasco,cecilia.velasco@rodrigues.fr
4878,Cecilia,Velasco,cecilia.velasco@rodrigues.fr
4879,Cecilia,Velasco,cecilia.velasco@rodrigues.fr
4880,Cecilia,Velasco,cecilia.velasco@rodrigues.fr
4881,Cecilia,Velasco,cecilia.velasco@rodrigues.fr
4882,Cecilia,Velasco,cecilia.velasco@rodrigues.fr
4883,Cecilia,Velasco,cecilia.velasco@rodrigues.fr
4884,Cecilia,Velasco,cecilia.velasco@rodrigues.fr
4885,Cecilia,Velasco,cecilia.velasco@rodrigues.fr
4886,Cecilia,Velasco,cecilia.velasco@rodrigues.fr
4887,Cecilia,Velasco,cecilia.velasco@rodrigues.fr
4888,Cecilia,Velasco,cecilia.velasco@rodrigues.fr
4889,Cecilia,Velasco,cecilia.velasco@rodrigues.fr
4890,Cecilia,Velasco,cecilia.velasco@rodrigues.fr
4891,Cecilia,Velasco,cecilia.velasco@rodrigues.fr
4892,Cecilia,Velasco,cecilia.velasco@rodrigues.fr
4893,Cecilia,Velasco,cecilia.velasco@rodrigues.fr
4894,Cecilia,Velasco,cecilia.velasco@rodrigues.fr
4895,Cecilia,Velasco,cecilia.velasco@rodrigues.fr
4896,Cecilia,Velasco,cecilia.velasco@rodrigues.fr
4897,Cecilia,Velasco,cecilia.velasco@rodrigues.fr
4898,Cecilia,Velasco,cecilia.velasco@rodrigues.fr
4899,Cecilia,Velasco,cecilia.velasco@rodrigues.fr
4900,Cecilia,Velasco,cecilia.velasco@rodrigues.fr
4901,Cecilia,Velasco,cecilia.velasco@rodrigues.fr
4902,Cecilia,Velasco,cecilia.velasco@rodrigues.fr
4903,Cecilia,Velasco,cecilia.velasco@rodrigues.fr
4904,Cecilia,Velasco,cecilia.velasco@rodrigues.fr
4905,Cecilia,Velasco,cecilia.velasco@rodrigues.fr
4906,Cecilia,Velasco,cecilia.velasco@rodrigues.fr
4907,Cecilia,Velasco,cecilia.velasco@rodrigues.fr
4908,Cecilia,Velasco,cecilia.velasco@rodrigues.fr
4909,Cecilia,Velasco,cecilia.velasco@rodrigues.fr
4910,Cecilia,Velasco,cecilia.velasco@rodrigues.fr
4911,Cecilia,Velasco,cecilia.velasco@rodrigues.fr
4912,Cecilia,Velasco,cecilia.velasco@rodrigues.fr
4913,Cecilia,Velasco,cecilia.velasco@rodrigues.fr
4914,Cecilia,Velasco,cecilia.velasco@rodrigues.fr
4915,Cecilia,Velasco,cecilia.velasco@rodrigues.fr
4916,Cecilia,Velasco,cecilia.velasco@rodrigues.fr
4917,Cecilia,Velasco,cecilia.velasco@rodrigues.fr
4918,Cecilia,Velasco,cecilia.velasco@rodrigues.fr
4919,Cecilia,Velasco,cecilia.velasco@rodrigues.fr
4920,Cecilia,Velasco,cecilia.velasco@rodrigues.fr
4921,Cecilia,Velasco,cecilia.velasco@rodrigues.fr
4922,Cecilia,Velasco,cecilia.velasco@rodrigues.fr
4923,Cecilia,Velasco,cecilia.velasco@rodrigues.fr
4924,Cecilia,Velasco,cecilia.velasco@rodrigues.fr
4925,Cecilia,Velasco,cecilia.velasco@rodrigues.fr
4926,Cecilia,Velasco,cecilia.velasco@rodrigues.fr
4927,Cecilia,Velasco,cecilia.velasco@rodrigues.fr
4928,Cecilia,Velasco,cecilia.velasco@rodrigues.fr
4929,Cecilia,Velasco,cecilia.velasco@rodrigues.fr
4930,Cecilia,Velasco,cecilia.velasco@rodrigues.fr
4931,Cecilia,Velasco,cecilia.velasco@rodrigues.fr
4932,Cecilia,Velasco,cecilia.velasco@rodrigues.fr
4933,Cecilia,Velasco,cecilia.velasco@rodrigues.fr
4934,Cecilia,Velasco,cecilia.velasco@rodrigues.fr
4935,Cecilia,Velasco,cecilia.velasco@rodrigues.fr
4936,Cecilia,Velasco,cecilia.velasco@rodrigues.fr
4937,Cecilia,Velasco,cecilia.velasco@rodrigues.fr
4938,Cecilia,Velasco,cecilia.velasco@rodrigues.fr
4939,Cecilia,Velasco,cecilia.velasco@rodrigues.fr
4940,Cecilia,Velasco,cecilia.velasco@rodrigues.fr
4941,Cecilia,Velasco,cecilia.velasco@rodrigues.fr
4942,Cecilia,Velasco,cecilia.velasco@rodrigues.fr
4943,Cecilia,Velasco,cecilia.velasco@rodrigues.fr
4944,Cecilia,Velasco,cecilia.velasco@rodrigues.fr
4945,Cecilia,Velasco,cecilia.velasco@rodrigues.fr
4946,Cecilia,Velasco,cecilia.velasco@rodrigues.fr
4947,Cecilia,Velasco,cecilia.velasco@rodrigues.fr
4948,Cecilia,Velasco,cecilia.velasco@rodrigues.fr
4949,Cecilia,Velasco,cecilia.velasco@rodrigues.fr
4950,Cecilia,Velasco,cecilia.velasco@rodrigues.fr
4951,Cecilia,Velasco,cecilia.velasco@rodrigues.fr
4952,Cecilia,Velasco,cecilia.velasco@rodrigues.fr
4953,Cecilia,Velasco,cecilia.velasco@rodrigues.fr
4954,Cecilia,Velasco,cecilia.velasco@rodrigues.fr
4955,Cecilia,Velasco,cecilia.velasco@rodrigues.fr
4956,Cecilia,Velasco,cecilia.velasco@rodrigues.fr
4957,Cecilia,Velasco,cecilia.velasco@rodrigues.fr
4958,Cecilia,Velasco,cecilia.velasco@rodrigues.fr
4959,Cecilia,Velasco,cecilia.velasco@rodrigues.fr
4960,Cecilia,Velasco,cecilia.velasco@rodrigues.fr
4961,Cecilia,Velasco,cecilia.velasco@rodrigues.fr
4962,Cecilia,Velasco,cecilia.velasco@rodrigues.fr
4963,Cecilia,Velasco,cecilia.velasco@rodrigues.fr
4964,Cecilia,Velasco,cecilia.velasco@rodrigues.fr
4965,Cecilia,Velasco,cecilia.velasco@rodrigues.fr
4966,Cecilia,Velasco,cecilia.velasco@rodrigues.fr
4967,Cecilia,Velasco,cecilia.velasco@rodrigues.fr
4968,Cecilia,Velasco,cecilia.velasco@rodrigues.fr
4969,Cecilia,Velasco,cecilia.velasco@rodrigues.fr
4970,Cecilia,Velasco,cecilia.velasco@rodrigues.fr
4971,Cecilia,Velasco,cecilia.velasco@rodrigues.fr
4972,Cecilia,Velasco,cecilia.velasco@rodrigues.fr
4973,Cecilia,Velasco,cecilia.velasco@rodrigues.fr
4974,Cecilia,Velasco,cecilia.velasco@rodrigues.fr
4975,Cecilia,Velasco,cecilia.velasco@rodrigues.fr
4976,Cecilia,Velasco,cecilia.velasco@rodrigues.fr
4977,Cecilia,Velasco,cecilia.velasco@rodrigues.fr
4978,Cecilia,Velasco,cecilia.velasco@rodrigues.fr
4979,Cecilia,Velasco,cecilia.velasco@rodrigues.fr
4980,Cecilia,Velasco,cecilia.velasco@rodrigues.fr
4981,Cecilia,Velasco,cecilia.velasco@rodrigues.fr
4982,Cecilia,Velasco,cecilia.velasco@rodrigues.fr
4983,Cecilia,Velasco,cecilia.velasco@rodrigues.fr
4984,Cecilia,Velasco,cecilia.velasco@rodrigues.fr
4985,Cecilia,Velasco,cecilia.velasco@rodrigues.fr
4986,Cecilia,Velasco,cecilia.velasco@rodrigues.fr
4987,Cecilia,Velasco,cecilia.velasco@rodrigues.fr
4988,Cecilia,Velasco,cecilia.velasco@rodrigues.fr
4989,Cecilia,Velasco,cecilia.velasco@rodrigues.fr
4990,Cecilia,Velasco,cecilia.velasco@rodrigues.fr
4991,Cecilia,Velasco,cecilia.velasco@rodrigues.fr
4992,Cecilia,Velasco,cecilia.velasco@rodrigues.fr
4993,Cecilia,Velasco,cecilia.velasco@rodrigues.fr
4994,Cecilia,Velasco,cecilia.velasco@rodrigues.fr
4995,Cecilia,Velasco,cecilia.velasco@rodrigues.fr
4996,Cecilia,Velasco,cecilia.velasco@rodrigues.fr
4997,Cecilia,Velasco,cecilia.velasco@rodrigues.fr
4998,Cecilia,Velasco,cecilia.velasco@rodrigues.fr
4999,Cecilia,Velasco,cecilia.velasco@rodrigues.fr
5000,Cecilia,Velasco,cecilia.velasco@rodrigues.fr
5001,Cecilia,Velasco,cecilia.velasco@rodrigues.fr
5002,Cecilia,Velasco,cecilia.velasco@rodrigues.fr
5003,Cecilia,Velasco,cecilia.velasco@rodrigues.fr
5004,Cecilia,Velasco,cecilia.velasco@rodrigues.fr
5005,Cecilia,Velasco,cecilia.velasco@rodrigues.fr
5006,Cecilia,Velasco,cecilia.velasco@rodrigues.fr
5007,Cecilia,Velasco,cecilia.velasco@rodrigues.fr
5008,Cecilia,Velasco,cecilia.velasco@rodrigues.fr
5009,Cecilia,Velasco,cecilia.velasco@rodrigues.fr
5010,Cecilia,Velasco,cecilia.velasco@rodrigues.fr
5011,Cecilia,Velasco,cecilia.velasco@rodrigues.fr
5012,Cecilia,Velasco,cecilia.velasco@rodrigues.fr
5013,Cecilia,Velasco,cecilia.velasco@rodrigues.fr
5014,Cecilia,Velasco,cecilia.velasco@rodrigues.fr
5015,Cecilia,Velasco,cecilia.velasco@rodrigues.fr
5016,Cecilia,Velasco,cecilia.velasco@rodrigues.fr
5017,Cecilia,Velasco,cecilia.velasco@rodrigues.fr
5018,Cecilia,Velasco,cecilia.velasco@rodrigues.fr
5019,Cecilia,Velasco,cecilia.velasco@rodrigues.fr
5020,Cecilia,Velasco,cecilia.velasco@rodrigues.fr
5021,Cecilia,Velasco,cecilia.velasco@rodrigues.fr
5022,Cecilia,Velasco,cecilia.velasco@rodrigues.fr
5023,Cecilia,Velasco,cecilia.velasco@rodrigues.fr
5024,Cecilia,Velasco,cecilia.velasco@rodrigues.fr
5025,Cecilia,Velasco,cecilia.velasco@rodrigues.fr
5026,Cecilia,Velasco,cecilia.velasco@rodrigues.fr
5027,Cecilia,Velasco,cecilia.velasco@rodrigues.fr
5028,Cecilia,Velasco,cecilia.velasco@rodrigues.fr
5029,Cecilia,Velasco,cecilia.velasco@rodrigues.fr
5030,Cecilia,Velasco,cecilia.velasco@rodrigues.fr
5031,Cecilia,Velasco,cecilia.velasco@rodrigues.fr
5032,Cecilia,Velasco,cecilia.velasco@rodrigues.fr
5033,Cecilia,Velasco,cecilia.velasco@rodrigues.fr
5034,Cecilia,Velasco,cecilia.velasco@rodrigues.fr
5035,Cecilia,Velasco,cecilia.velasco@rodrigues.fr
5036,Cecilia,Velasco,cecilia.velasco@rodrigues.fr
5037,Cecilia,Velasco,cecilia.velasco@rodrigues.fr
5038,Cecilia,Velasco,cecilia.velasco@rodrigues.fr
5039,Cecilia,Velasco,cecilia.velasco@rodrigues.fr
5040,Cecilia,Velasco,cecilia.velasco@rodrigues.fr
5041,Cecilia,Velasco,cecilia.velasco@rodrigues.fr
5042,Cecilia,Velasco,cecilia.velasco@rodrigues.fr
5043,Cecilia,Velasco,cecilia.velasco@rodrigues.fr
5044,Cecilia,Velasco,cecilia.velasco@rodrigues.fr
5045,Cecilia,Velasco,cecilia.velasco@rodrigues.fr
5046,Cecilia,Velasco,cecilia.velasco@rodrigues.fr
5047,Cecilia,Velasco,cecilia.velasco@rodrigues.fr
5048,Cecilia,Velasco,cecilia.velasco@rodrigues.fr
5049,Cecilia,Velasco,cecilia.velasco@rodrigues.fr
5050,Cecilia,Velasco,cecilia.velasco@rodrigues.fr
5051,Cecilia,Velasco,cecilia.velasco@rodrigues.fr
5052,Cecilia,Velasco,cecilia.velasco@rodrigues.fr
5053,Cecilia,Velasco,cecilia.velasco@rodrigues.fr
5054,Cecilia,Velasco,cecilia.velasco@rodrigues.fr
5055,Cecilia,Velasco,cecilia.velasco@rodrigues.fr
5056,Cecilia,Velasco,cecilia.velasco@rodrigues.fr
5057,Cecilia,Velasco,cecilia.velasco@rodrigues.fr
5058,Cecilia,Velasco,cecilia.velasco@rodrigues.fr
5059,Cecilia,Velasco,cecilia.velasco@rodrigues.fr
5060,Cecilia,Velasco,cecilia.velasco@rodrigues.fr
5061,Cecilia,Velasco,cecilia.velasco@rodrigues.fr
5062,Cecilia,Velasco,cecilia.velasco@rodrigues.fr
5063,Cecilia,Velasco,cecilia.velasco@rodrigues.fr
5064,Cecilia,Velasco,cecilia.velasco@rodrigues.fr
5065,Cecilia,Velasco,cecilia.velasco@rodrigues.fr
5066,Cecilia,Velasco,cecilia.velasco@rodrigues.fr
5067,Cecilia,Velasco,cecilia.velasco@rodrigues.fr
5068,Cecilia,Velasco,cecilia.velasco@rodrigues.fr
5069,Cecilia,Velasco,cecilia.velasco@rodrigues.fr
5070,Cecilia,Velasco,cecilia.velasco@rodrigues.fr
5071,Cecilia,Velasco,cecilia.velasco@rodrigues.fr
5072,Cecilia,Velasco,cecilia.velasco@rodrigues.fr
5073,Cecilia,Velasco,cecilia.velasco@rodrigues.fr
5074,Cecilia,Velasco,cecilia.velasco@rodrigues.fr
5075,Cecilia,Velasco,cecilia.velasco@rodrigues.fr
5076,Cecilia,Velasco,cecilia.velasco@rodrigues.fr
5077,Cecilia,Velasco,cecilia.velasco@rodrigues.fr
5078,Cecilia,Velasco,cecilia.velasco@rodrigues.fr
5079,Cecilia,Velasco,cecilia.velasco@rodrigues.fr
5080,Cecilia,Velasco,cecilia.velasco@rodrigues.fr
5081,Cecilia,Velasco,cecilia.velasco@rodrigues.fr
5082,Cecilia,Velasco,cecilia.velasco@rodrigues.fr
5083,Cecilia,Velasco,cecilia.velasco@rodrigues.fr
5084,Cecilia,Velasco,cecilia.velasco@rodrigues.fr
5085,Cecilia,Velasco,cecilia.velasco@rodrigues.fr
5086,Cecilia,Velasco,cecilia.velasco@rodrigues.fr
5087,Cecilia,Velasco,cecilia.velasco@rodrigues.fr
5088,Cecilia,Velasco,cecilia.velasco@rodrigues.fr
5089,Cecilia,Velasco,cecilia.velasco@rodrigues.fr
5090,Cecilia,Velasco,cecilia.velasco@rodrigues.fr
5091,Cecilia,Velasco,cecilia.velasco@rodrigues.fr
5092,Cecilia,Velasco,cecilia.velasco@rodrigues.fr
5093,Cecilia,Velasco,cecilia.velasco@rodrigues.fr
5094,Cecilia,Velasco,cecilia.velasco@rodrigues.fr
5095,Cecilia,Velasco,cecilia.velasco@rodrigues.fr
5096,Cecilia,Velasco,cecilia.velasco@rodrigues.fr
5097,Cecilia,Velasco,cecilia.velasco@rodrigues.fr
5098,Cecilia,Velasco,cecilia.velasco@rodrigues.fr
5099,Cecilia,Velasco,cecilia.velasco@rodrigues.fr
5100,Cecilia,Velasco,cecilia.velasco@rodrigues.fr
5101,Cecilia,Velasco,cecilia.velasco@rodrigues.fr
5102,Cecilia,Velasco,cecilia.velasco@rodrigues.fr
5103,Cecilia,Velasco,cecilia.velasco@rodrigues.fr
5104,Cecilia,Velasco,cecilia.velasco@rodrigues.fr
5105,Cecilia,Velasco,cecilia.velasco@rodrigues.fr
5106,Cecilia,Velasco,cecilia.velasco@rodrigues.fr
5107,Cecilia,Velasco,cecilia.velasco@rodrigues.fr
5108,Cecilia,Velasco,cecilia.velasco@rodrigues.fr
5109,Cecilia,Velasco,cecilia.velasco@rodrigues.fr
5110,Cecilia,Velasco,cecilia.velasco@rodrigues.fr
5111,Cecilia,Velasco,cecilia.velasco@rodrigues.fr
5112,Cecilia,Velasco,cecilia.velasco@rodrigues.fr
5113,Cecilia,Velasco,cecilia.velasco@rodrigues.fr
5114,Cecilia,Velasco,cecilia.velasco@rodrigues.fr
5115,Cecilia,Velasco,cecilia.velasco@rodrigues.fr
5116,Cecilia,Velasco,cecilia.velasco@rodrigues.fr
5117,Cecilia,Velasco,cecilia.velasco@rodrigues.fr
5118,Cecilia,Velasco,cecilia.velasco@rodrigues.fr
5119,Cecilia,Velasco,cecilia.velasco@rodrigues.fr
5120,Cecilia,Velasco,cecilia.velasco@rodrigues.fr
5121,Cecilia,Velasco,cecilia.velasco@rodrigues.fr
5122,Cecilia,Velasco,cecilia.velasco@rodrigues.fr
5123,Cecilia,Velasco,cecilia.velasco@rodrigues.fr
5124,Cecilia,Velasco,cecilia.velasco@rodrigues.fr
5125,Cecilia,Velasco,cecilia.velasco@rodrigues.fr
5126,Cecilia,Velasco,cecilia.velasco@rodrigues.fr
5127,Cecilia,Velasco,cecilia.velasco@rodrigues.fr
5128,Cecilia,Velasco,cecilia.velasco@rodrigues.fr
5129,Cecilia,Velasco,cecilia.velasco@rodrigues.fr
5130,Cecilia,Velasco,cecilia.velasco@rodrigues.fr
5131,Cecilia,Velasco,cecilia.velasco@rodrigues.fr
5132,Cecilia,Velasco,cecilia.velasco@rodrigues.fr
5133,Cecilia,Velasco,cecilia.velasco@rodrigues.fr
5134,Cecilia,Velasco,cecilia.velasco@rodrigues.fr
5135,Cecilia,Velasco,cecilia.velasco@rodrigues.fr
5136,Cecilia,Velasco,cecilia.velasco@rodrigues.fr
5137,Cecilia,Velasco,cecilia.velasco@rodrigues.fr
5138,Cecilia,Velasco,cecilia.velasco@rodrigues.fr
5139,Cecilia,Velasco,cecilia.velasco@rodrigues.fr
5140,Cecilia,Velasco,cecilia.velasco@rodrigues.fr
5141,Cecilia,Velasco,cecilia.velasco@rodrigues.fr
5142,Cecilia,Velasco,cecilia.velasco@rodrigues.fr
5143,Cecilia,Velasco,cecilia.velasco@rodrigues.fr
5144,Cecilia,Velasco,cecilia.velasco@rodrigues.fr
5145,Cecilia,Velasco,cecilia.velasco@rodrigues.fr
5146,Cecilia,Velasco,cecilia.velasco@rodrigues.fr
5147,Cecilia,Velasco,cecilia.velasco@rodrigues.fr
5148,Cecilia,Velasco,cecilia.velasco@rodrigues.fr
5149,Cecilia,Velasco,cecilia.velasco@rodrigues.fr
5150,Cecilia,Velasco,cecilia.velasco@rodrigues.fr
5151,Cecilia,Velasco,cecilia.velasco@rodrigues.fr
5152,Cecilia,Velasco,cecilia.velasco@rodrigues.fr
5153,Cecilia,Velasco,cecilia.velasco@rodrigues.fr
5154,Cecilia,Velasco,cecilia.velasco@rodrigues.fr
5155,Cecilia,Velasco,cecilia.velasco@rodrigues.fr
5156,Cecilia,Velasco,cecilia.velasco@rodrigues.fr
5157,Cecilia,Velasco,cecilia.velasco@rodrigues.fr
5158,Cecilia,Velasco,cecilia.velasco@rodrigues.fr
5159,Cecilia,Velasco,cecilia.velasco@rodrigues.fr
5160,Cecilia,Velasco,cecilia.velasco@rodrigues.fr
5161,Cecilia,Velasco,cecilia.velasco@rodrigues.fr
5162,Cecilia,Velasco,cecilia.velasco@rodrigues.fr
5163,Cecilia,Velasco,cecilia.velasco@rodrigues.fr
5164,Cecilia,Velasco,cecilia.velasco@rodrigues.fr
5165,Cecilia,Velasco,cecilia.velasco@rodrigues.fr
5166,Cecilia,Velasco,cecilia.velasco@rodrigues.fr
5167,Cecilia,Velasco,cecilia.velasco@rodrigues.fr
5168,Cecilia,Velasco,cecilia.velasco@rodrigues.fr
5169,Cecilia,Velasco,cecilia.velasco@rodrigues.fr
5170,Cecilia,Velasco,cecilia.velasco@rodrigues.fr
5171,Cecilia,Velasco,cecilia.velasco@rodrigues.fr
5172,Cecilia,Velasco,cecilia.velasco@rodrigues.fr
5173,Cecilia,Velasco,cecilia.velasco@rodrigues.fr
5174,Cecilia,Velasco,cecilia.velasco@rodrigues.fr
5175,Cecilia,Velasco,cecilia.velasco@rodrigues.fr
5176,Cecilia,Velasco,cecilia.velasco@rodrigues.fr
5177,Cecilia,Velasco,cecilia.velasco@rodrigues.fr
5178,Cecilia,Velasco,cecilia.velasco@rodrigues.fr
5179,Cecilia,Velasco,cecilia.velasco@rodrigues.fr
5180,Cecilia,Velasco,cecilia.velasco@rodrigues.fr
5181,Cecilia,Velasco,cecilia.velasco@rodrigues.fr
5182,Cecilia,Velasco,cecilia.velasco@rodrigues.fr
5183,Cecilia,Velasco,cecilia.velasco@rodrigues.fr
5184,Cecilia,Velasco,cecilia.velasco@rodrigues.fr
5185,Cecilia,Velasco,cecilia.velasco@rodrigues.fr
5186,Cecilia,Velasco,cecilia.velasco@rodrigues.fr
5187,Cecilia,Velasco,cecilia.velasco@rodrigues.fr
5188,Cecilia,Velasco,cecilia.velasco@rodrigues.fr
5189,Cecilia,Velasco,cecilia.velasco@rodrigues.fr
5190,Cecilia,Velasco,cecilia.velasco@rodrigues.fr
5191,Cecilia,Velasco,cecilia.velasco@rodrigues.fr
5192,Cecilia,Velasco,cecilia.velasco@rodrigues.fr
5193,Cecilia,Velasco,cecilia.velasco@rodrigues.fr
5194,Cecilia,Velasco,cecilia.velasco@rodrigues.fr
5195,Cecilia,Velasco,cecilia.velasco@rodrigues.fr
5196,Cecilia,Velasco,cecilia.velasco@rodrigues.fr
5197,Cecilia,Velasco,cecilia.velasco@rodrigues.fr
5198,Cecilia,Velasco,cecilia.velasco@rodrigues.fr
5199,Cecilia,Velasco,cecilia.velasco@rodrigues.fr
5200,Cecilia,Velasco,cecilia.velasco@rodrigues.fr
5201,Cecilia,Velasco,cecilia.velasco@rodrigues.fr
5202,Cecilia,Velasco,cecilia.velasco@rodrigues.fr
5203,Cecilia,Velasco,cecilia.velasco@rodrigues.fr
5204,Cecilia,Velasco,cecilia.velasco@rodrigues.fr
5205,Cecilia,Velasco,cecilia.velasco@rodrigues.fr
5206,Cecilia,Velasco,cecilia.velasco@rodrigues.fr
5207,Cecilia,Velasco,cecilia.velasco@rodrigues.fr
5208,Cecilia,Velasco,cecilia.velasco@rodrigues.fr
5209,Cecilia,Velasco,cecilia.velasco@rodrigues.fr
5210,Cecilia,Velasco,cecilia.velasco@rodrigues.fr
5211,Cecilia,Velasco,cecilia.velasco@rodrigues.fr
5212,Cecilia,Velasco,cecilia.velasco@rodrigues.fr
5213,Cecilia,Velasco,cecilia.velasco@rodrigues.fr
5214,Cecilia,Velasco,cecilia.velasco@rodrigues.fr
5215,Cecilia,Velasco,cecilia.velasco@rodrigues.fr
5216,Cecilia,Velasco,cecilia.velasco@rodrigues.fr
5217,Cecilia,Velasco,cecilia.velasco@rodrigues.fr
5218,Cecilia,Velasco,cecilia.velasco@rodrigues.fr
5219,Cecilia,Velasco,cecilia.velasco@rodrigues.fr
5220,Cecilia,Velasco,cecilia.velasco@rodrigues.fr
5221,Cecilia,Velasco,cecilia.velasco@rodrigues.fr
5222,Cecilia,Velasco,cecilia.velasco@rodrigues.fr
5223,Cecilia,Velasco,cecilia.velasco@rodrigues.fr
5224,Cecilia,Velasco,cecilia.velasco@rodrigues.fr
5225,Cecilia,Velasco,cecilia.velasco@rodrigues.fr
5226,Cecilia,Velasco,cecilia.velasco@rodrigues.fr
5227,Cecilia,Velasco,cecilia.velasco@rodrigues.fr
5228,Cecilia,Velasco,cecilia.velasco@rodrigues.fr
5229,Cecilia,Velasco,cecilia.velasco@rodrigues.fr
5230,Cecilia,Velasco,cecilia.velasco@rodrigues.fr
5231,Cecilia,Velasco,cecilia.velasco@rodrigues.fr
5232,Cecilia,Velasco,cecilia.velasco@rodrigues.fr
5233,Cecilia,Velasco,cecilia.velasco@rodrigues.fr
5234,Cecilia,Velasco,cecilia.velasco@rodrigues.fr
5235,Cecilia,Velasco,cecilia.velasco@rodrigues.fr
5236,Cecilia,Velasco,cecilia.velasco@rodrigues.fr
5237,Cecilia,Velasco,cecilia.velasco@rodrigues.fr
5238,Cecilia,Velasco,cecilia.velasco@rodrigues.fr
5239,Cecilia,Velasco,cecilia.velasco@rodrigues.fr
5240,Cecilia,Velasco,cecilia.velasco@rodrigues.fr
5241,Cecilia,Velasco,cecilia.velasco@rodrigues.fr
5242,Cecilia,Velasco,cecilia.velasco@rodrigues.fr
5243,Cecilia,Velasco,cecilia.velasco@rodrigues.fr
5244,Cecilia,Velasco,cecilia.velasco@rodrigues.fr
5245,Cecilia,Velasco,cecilia.velasco@rodrigues.fr
5246,Cecilia,Velasco,cecilia.velasco@rodrigues.fr
5247,Cecilia,Velasco,cecilia.velasco@rodrigues.fr
5248,Cecilia,Velasco,cecilia.velasco@rodrigues.fr
5249,Cecilia,Velasco,cecilia.velasco@rodrigues.fr
5250,Cecilia,Velasco,cecilia.velasco@rodrigues.fr
5251,Cecilia,Velasco,cecilia.velasco@rodrigues.fr
5252,Cecilia,Velasco,cecilia.velasco@rodrigues.fr
5253,Cecilia,Velasco,cecilia.velasco@rodrigues.fr
5254,Cecilia,Velasco,cecilia.velasco@rodrigues.fr
5255,Cecilia,Velasco,cecilia.velasco@rodrigues.fr
5256,Cecilia,Velasco,cecilia.velasco@rodrigues.fr
5257,Cecilia,Velasco,cecilia.velasco@rodrigues.fr
5258,Cecilia,Velasco,cecilia.velasco@rodrigues.fr
5259,Cecilia,Velasco,cecilia.velasco@rodrigues.fr
5260,Cecilia,Velasco,cecilia.velasco@rodrigues.fr
5261,Cecilia,Velasco,cecilia.velasco@rodrigues.fr
5262,Cecilia,Velasco,cecilia.velasco@rodrigues.fr
5263,Cecilia,Velasco,cecilia.velasco@rodrigues.fr
5264,Cecilia,Velasco,cecilia.velasco@rodrigues.fr
5265,Cecilia,Velasco,cecilia.velasco@rodrigues.fr
5266,Cecilia,Velasco,cecilia.velasco@rodrigues.fr
5267,Cecilia,Velasco,cecilia.velasco@rodrigues.fr
5268,Cecilia,Velasco,cecilia.velasco@rodrigues.fr
5269,Cecilia,Velasco,cecilia.velasco@rodrigues.fr
5270,Cecilia,Velasco,cecilia.velasco@rodrigues.fr
5271,Cecilia,Velasco,cecilia.velasco@rodrigues.fr
5272,Cecilia,Velasco,cecilia.velasco@rodrigues.fr
5273,Cecilia,Velasco,cecilia.velasco@rodrigues.fr
5274,Cecilia,Velasco,cecilia.velasco@rodrigues.fr
5275,Cecilia,Velasco,cecilia.velasco@rodrigues.fr
5276,Cecilia,Velasco,cecilia.velasco@rodrigues.fr
5277,Cecilia,Velasco,cecilia.velasco@rodrigues.fr
5278,Cecilia,Velasco,cecilia.velasco@rodrigues.fr
5279,Cecilia,Velasco,cecilia.velasco@rodrigues.fr
5280,Cecilia,Velasco,cecilia.velasco@rodrigues.fr
5281,Cecilia,Velasco,cecilia.velasco@rodrigues.fr
5282,Cecilia,Velasco,cecilia.velasco@rodrigues.fr
5283,Cecilia,Velasco,cecilia.velasco@rodrigues.fr
5284,Cecilia,Velasco,cecilia.velasco@rodrigues.fr
5285,Cecilia,Velasco,cecilia.velasco@rodrigues.fr
5286,Cecilia,Velasco,cecilia.velasco@rodrigues.fr
5287,Cecilia,Velasco,cecilia.velasco@rodrigues.fr
5288,Cecilia,Velasco,cecilia.velasco@rodrigues.fr
5289,Cecilia,Velasco,cecilia.velasco@rodrigues.fr
5290,Cecilia,Velasco,cecilia.velasco@rodrigues.fr
5291,Cecilia,Velasco,cecilia.velasco@rodrigues.fr
5292,Cecilia,Velasco,cecilia.velasco@rodrigues.fr
5293,Cecilia,Velasco,cecilia.velasco@rodrigues.fr
5294,Cecilia,Velasco,cecilia.velasco@rodrigues.fr
5295,Cecilia,Velasco,cecilia.velasco@rodrigues.fr
5296,Cecilia,Velasco,cecilia.velasco@rodrigues.fr
5297,Cecilia,Velasco,cecilia.velasco@rodrigues.fr
5298,Cecilia,Velasco,cecilia.velasco@rodrigues.fr
5299,Cecilia,Velasco,cecilia.velasco@rodrigues.fr
5300,Cecilia,Velasco,cecilia.velasco@rodrigues.fr
5301,Cecilia,Velasco,cecilia.velasco@rodrigues.fr
5302,Cecilia,Velasco,cecilia.velasco@rodrigues.fr
5303,Cecilia,Velasco,cecilia.velasco@rodrigues.fr
5304,Cecilia,Velasco,cecilia.velasco@rodrigues.fr
5305,Cecilia,Velasco,cecilia.velasco@rodrigues.fr
5306,Cecilia,Velasco,cecilia.velasco@rodrigues.fr
5307,Cecilia,Velasco,cecilia.velasco@rodrigues.fr
5308,Cecilia,Velasco,cecilia.velasco@rodrigues.fr
5309,Cecilia,Velasco,cecilia.velasco@rodrigues.fr
5310,Cecilia,Velasco,cecilia.velasco@rodrigues.fr
5311,Cecilia,Velasco,cecilia.velasco@rodrigues.fr
5312,Cecilia,Velasco,cecilia.velasco@rodrigues.fr
5313,Cecilia,Velasco,cecilia.velasco@rodrigues.fr
5314,Cecilia,Velasco,cecilia.velasco@rodrigues.fr
5315,Cecilia,Velasco,cecilia.velasco@rodrigues.fr
5316,Cecilia,Velasco,cecilia.velasco@rodrigues.fr
5317,Cecilia,Velasco,cecilia.velasco@rodrigues.fr
5318,Cecilia,Velasco,cecilia.velasco@rodrigues.fr
5319,Cecilia,Velasco,cecilia.velasco@rodrigues.fr
5320,Cecilia,Velasco,cecilia.velasco@rodrigues.fr
5321,Cecilia,Velasco,cecilia.velasco@rodrigues.fr
5322,Cecilia,Velasco,cecilia.velasco@rodrigues.fr
5323,Cecilia,Velasco,cecilia.velasco@rodrigues.fr
5324,Cecilia,Velasco,cecilia.velasco@rodrigues.fr
5325,Cecilia,Velasco,cecilia.velasco@rodrigues.fr
5326,Cecilia,Velasco,cecilia.velasco@rodrigues.fr
5327,Cecilia,Velasco,cecilia.velasco@rodrigues.fr
5328,Cecilia,Velasco,cecilia.velasco@rodrigues.fr
5329,Cecilia,Velasco,cecilia.velasco@rodrigues.fr
5330,Cecilia,Velasco,cecilia.velasco@rodrigues.fr
5331,Cecilia,Velasco,cecilia.velasco@rodrigues.fr
5332,Cecilia,Velasco,cecilia.velasco@rodrigues.fr
5333,Cecilia,Velasco,cecilia.velasco@rodrigues.fr
5334,Cecilia,Velasco,cecilia.velasco@rodrigues.fr
5335,Cecilia,Velasco,cecilia.velasco@rodrigues.fr
5336,Cecilia,Velasco,cecilia.velasco@rodrigues.fr
5337,Cecilia,Velasco,cecilia.velasco@rodrigues.fr
5338,Cecilia,Velasco,cecilia.velasco@rodrigues.fr
5339,Cecilia,Velasco,cecilia.velasco@rodrigues.fr
5340,Cecilia,Velasco,cecilia.velasco@rodrigues.fr
5341,Cecilia,Velasco,cecilia.velasco@rodrigues.fr
5342,Cecilia,Velasco,cecilia.velasco@rodrigues.fr
5343,Cecilia,Velasco,cecilia.velasco@rodrigues.fr
5344,Cecilia,Velasco,cecilia.velasco@rodrigues.fr
5345,Cecilia,Velasco,cecilia.velasco@rodrigues.fr
5346,Cecilia,Velasco,cecilia.velasco@rodrigues.fr
5347,Cecilia,Velasco,cecilia.velasco@rodrigues.fr
5348,Cecilia,Velasco,cecilia.velasco@rodrigues.fr
5349,Cecilia,Velasco,cecilia.velasco@rodrigues.fr
5350,Cecilia,Velasco,cecilia.velasco@rodrigues.fr
5351,Cecilia,Velasco,cecilia.velasco@rodrigues.fr
5352,Cecilia,Velasco,cecilia.velasco@rodrigues.fr
5353,Cecilia,Velasco,cecilia.velasco@rodrigues.fr
5354,Cecilia,Velasco,cecilia.velasco@rodrigues.fr
5355,Cecilia,Velasco,cecilia.velasco@rodrigues.fr
5356,Cecilia,Velasco,cecilia.velasco@rodrigues.fr
5357,Cecilia,Velasco,cecilia.velasco@rodrigues.fr
5358,Cecilia,Velasco,cecilia.velasco@rodrigues.fr
5359,Cecilia,Velasco,cecilia.velasco@rodrigues.fr
5360,Cecilia,Velasco,cecilia.velasco@rodrigues.fr
5361,Cecilia,Velasco,cecilia.velasco@rodrigues.fr
5362,Cecilia,Velasco,cecilia.velasco@rodrigues.fr
5363,Cecilia,Velasco,cecilia.velasco@rodrigues.fr
5364,Cecilia,Velasco,cecilia.velasco@rodrigues.fr
5365,Cecilia,Velasco,cecilia.velasco@rodrigues.fr
5366,Cecilia,Velasco,cecilia.velasco@rodrigues.fr
5367,Cecilia,Velasco,cecilia.velasco@rodrigues.fr
5368,Cecilia,Velasco,cecilia.velasco@rodrigues.fr
5369,Cecilia,Velasco,cecilia.velasco@rodrigues.fr
5370,Cecilia,Velasco,cecilia.velasco@rodrigues.fr
5371,Cecilia,Velasco,cecilia.velasco@rodrigues.fr
5372,Cecilia,Velasco,cecilia.velasco@rodrigues.fr
5373,Cecilia,Velasco,cecilia.velasco@rodrigues.fr
5374,Cecilia,Velasco,cecilia.velasco@rodrigues.fr
5375,Cecilia,Velasco,cecilia.velasco@rodrigues.fr
5376,Cecilia,Velasco,cecilia.velasco@rodrigues.fr
5377,Cecilia,Velasco,cecilia.velasco@rodrigues.fr
5378,Cecilia,Velasco,cecilia.velasco@rodrigues.fr
5379,Cecilia,Velasco,cecilia.velasco@rodrigues.fr
5380,Cecilia,Velasco,cecilia.velasco@rodrigues.fr
5381,Cecilia,Velasco,cecilia.velasco@rodrigues.fr
5382,Cecilia,Velasco,cecilia.velasco@rodrigues.fr
5383,Cecilia,Velasco,cecilia.velasco@rodrigues.fr
5384,Cecilia,Velasco,cecilia.velasco@rodrigues.fr
5385,Cecilia,Velasco,cecilia.velasco@rodrigues.fr
5386,Cecilia,Velasco,cecilia.velasco@rodrigues.fr
5387,Cecilia,Velasco,cecilia.velasco@rodrigues.fr
5388,Cecilia,Velasco,cecilia.velasco@rodrigues.fr
5389,Cecilia,Velasco,cecilia.velasco@rodrigues.fr
5390,Cecilia,Velasco,cecilia.velasco@rodrigues.fr
5391,Cecilia,Velasco,cecilia.velasco@rodrigues.fr
5392,Cecilia,Velasco,cecilia.velasco@rodrigues.fr
5393,Cecilia,Velasco,cecilia.velasco@rodrigues.fr
5394,Cecilia,Velasco,cecilia.velasco@rodrigues.fr
5395,Cecilia,Velasco,cecilia.velasco@rodrigues.fr
5396,Cecilia,Velasco,cecilia.velasco@rodrigues.fr
5397,Cecilia,Velasco,cecilia.velasco@rodrigues.fr
5398,Cecilia,Velasco,cecilia.velasco@rodrigues.fr
5399,Cecilia,Velasco,cecilia.velasco@rodrigues.fr
5400,Cecilia,Velasco,cecilia.velasco@rodrigues.fr
5401,Cecilia,Velasco,cecilia.velasco@rodrigues.fr
5402,Cecilia,Velasco,cecilia.velasco@rodrigues.fr
5403,Cecilia,Velasco,cecilia.velasco@rodrigues.fr
5404,Cecilia,Velasco,cecilia.velasco@rodrigues.fr
5405,Cecilia,Velasco,cecilia.velasco@rodrigues.fr
5406,Cecilia,Velasco,cecilia.velasco@rodrigues.fr
5407,Cecilia,Velasco,cecilia.velasco@rodrigues.fr
5408,Cecilia,Velasco,cecilia.velasco@rodrigues.fr
5409,Cecilia,Velasco,cecilia.velasco@rodrigues.fr
5410,Cecilia,Velasco,cecilia.velasco@rodrigues.fr
5411,Cecilia,Velasco,cecilia.velasco@rodrigues.fr
5412,Cecilia,Velasco,cecilia.velasco@rodrigues.fr
5413,Cecilia,Velasco,cecilia.velasco@rodrigues.fr
5414,Cecilia,Velasco,cecilia.velasco@rodrigues.fr
5415,Cecilia,Velasco,cecilia.velasco@rodrigues.fr
5416,Cecilia,Velasco,cecilia.velasco@rodrigues.fr
5417,Cecilia,Velasco,cecilia.velasco@rodrigues.fr
5418,Cecilia,Velasco,cecilia.velasco@rodrigues.fr
5419,Cecilia,Velasco,cecilia.velasco@rodrigues.fr
5420,Cecilia,Velasco,cecilia.velasco@rodrigues.fr
5421,Cecilia,Velasco,cecilia.velasco@rodrigues.fr
5422,Cecilia,Velasco,cecilia.velasco@rodrigues.fr
5423,Cecilia,Velasco,cecilia.velasco@rodrigues.fr
5424,Cecilia,Velasco,cecilia.velasco@rodrigues.fr
5425,Cecilia,Velasco,cecilia.velasco@rodrigues.fr
5426,Cecilia,Velasco,cecilia.velasco@rodrigues.fr
5427,Cecilia,Velasco,cecilia.velasco@rodrigues.fr
5428,Cecilia,Velasco,cecilia.velasco@rodrigues.fr
5429,Cecilia,Velasco,cecilia.velasco@rodrigues.fr
5430,Cecilia,Velasco,cecilia.velasco@rodrigues.fr
5431,Cecilia,Velasco,cecilia.velasco@rodrigues.fr
5432,Cecilia,Velasco,cecilia.velasco@rodrigues.fr
5433,Cecilia,Velasco,cecilia.velasco@rodrigues.fr
5434,Cecilia,Velasco,cecilia.velasco@rodrigues.fr
5435,Cecilia,Velasco,cecilia.velasco@rodrigues.fr
5436,Cecilia,Velasco,cecilia.velasco@rodrigues.fr
5437,Cecilia,Velasco,cecilia.velasco@rodrigues.fr
5438,Cecilia,Velasco,cecilia.velasco@rodrigues.fr
5439,Cecilia,Velasco,cecilia.velasco@rodrigues.fr
5440,Cecilia,Velasco,cecilia.velasco@rodrigues.fr
5441,Cecilia,Velasco,cecilia.velasco@rodrigues.fr
5442,Cecilia,Velasco,cecilia.velasco@rodrigues.fr
5443,Cecilia,Velasco,cecilia.velasco@rodrigues.fr
5444,Cecilia,Velasco,cecilia.velasco@rodrigues.fr
5445,Cecilia,Velasco,cecilia.velasco@rodrigues.fr
5446,Cecilia,Velasco,cecilia.velasco@rodrigues.fr
5447,Cecilia,Velasco,cecilia.velasco@rodrigues.fr
5448,Cecilia,Velasco,cecilia.velasco@rodrigues.fr
5449,Cecilia,Velasco,cecilia.velasco@rodrigues.fr
5450,Cecilia,Velasco,cecilia.velasco@rodrigues.fr
5451,Cecilia,Velasco,cecilia.velasco@rodrigues.fr
5452,Cecilia,Velasco,cecilia.velasco@rodrigues.fr
5453,Cecilia,Velasco,cecilia.velasco@rodrigues.fr
5454,Cecilia,Velasco,cecilia.velasco@rodrigues.fr
5455,Cecilia,Velasco,cecilia.velasco@rodrigues.fr
5456,Cecilia,Velasco,cecilia.velasco@rodrigues.fr
5457,Cecilia,Velasco,cecilia.velasco@rodrigues.fr
5458,Cecilia,Velasco,cecilia.velasco@rodrigues.fr
5459,Cecilia,Velasco,cecilia.velasco@rodrigues.fr
5460,Cecilia,Velasco,cecilia.velasco@rodrigues.fr
5461,Cecilia,Velasco,cecilia.velasco@rodrigues.fr
5462,Cecilia,Velasco,cecilia.velasco@rodrigues.fr
5463,Cecilia,Velasco,cecilia.velasco@rodrigues.fr
5464,Cecilia,Velasco,cecilia.velasco@rodrigues.fr
5465,Cecilia,Velasco,cecilia.velasco@rodrigues.fr
5466,Cecilia,Velasco,cecilia.velasco@rodrigues.fr
5467,Cecilia,Velasco,cecilia.velasco@rodrigues.fr
5468,Cecilia,Velasco,cecilia.velasco@rodrigues.fr
5469,Cecilia,Velasco,cecilia.velasco@rodrigues.fr
5470,Cecilia,Velasco,cecilia.velasco@rodrigues.fr
5471,Cecilia,Velasco,cecilia.velasco@rodrigues.fr
5472,Cecilia,Velasco,cecilia.velasco@rodrigues.fr
5473,Cecilia,Velasco,cecilia.velasco@rodrigues.fr
5474,Cecilia,Velasco,cecilia.velasco@rodrigues.fr
5475,Cecilia,Velasco,cecilia.velasco@rodrigues.fr
5476,Cecilia,Velasco,cecilia.velasco@rodrigues.fr
5477,Cecilia,Velasco,cecilia.velasco@rodrigues.fr
5478,Cecilia,Velasco,cecilia.velasco@rodrigues.fr
5479,Cecilia,Velasco,cecilia.velasco@rodrigues.fr
5480,Cecilia,Velasco,cecilia.velasco@rodrigues.fr
5481,Cecilia,Velasco,cecilia.velasco@rodrigues.fr
5482,Cecilia,Velasco,cecilia.velasco@rodrigues.fr
5483,Cecilia,Velasco,cecilia.velasco@rodrigues.fr
5484,Cecilia,Velasco,cecilia.velasco@rodrigues.fr
5485,Cecilia,Velasco,cecilia.velasco@rodrigues.fr
5486,Cecilia,Velasco,cecilia.velasco@rodrigues.fr
5487,Cecilia,Velasco,cecilia.velasco@rodrigues.fr
5488,Cecilia,Velasco,cecilia.velasco@rodrigues.fr
5489,Cecilia,Velasco,cecilia.velasco@rodrigues.fr
5490,Cecilia,Velasco,cecilia.velasco@rodrigues.fr
5491,Cecilia,Velasco,cecilia.velasco@rodrigues.fr
5492,Cecilia,Velasco,cecilia.velasco@rodrigues.fr
5493,Cecilia,Velasco,cecilia.velasco@rodrigues.fr
5494,Cecilia,Velasco,cecilia.velasco@rodrigues.fr
5495,Cecilia,Velasco,cecilia.velasco@rodrigues.fr
5496,Cecilia,Velasco,cecilia.velasco@rodrigues.fr
5497,Cecilia,Velasco,cecilia.velasco@rodrigues.fr
5498,Cecilia,Velasco,cecilia.velasco@rodrigues.fr
5499,Cecilia,Velasco,cecilia.velasco@rodrigues.fr
5500,Cecilia,Velasco,cecilia.velasco@rodrigues.fr
5501,Cecilia,Velasco,cecilia.velasco@rodrigues.fr
5502,Cecilia,Velasco,cecilia.velasco@rodrigues.fr
5503,Cecilia,Velasco,cecilia.velasco@rodrigues.fr
5504,Cecilia,Velasco,cecilia.velasco@rodrigues.fr
5505,Cecilia,Velasco,cecilia.velasco@rodrigues.fr
5506,Cecilia,Velasco,cecilia.velasco@rodrigues.fr
5507,Cecilia,Velasco,cecilia.velasco@rodrigues.fr
5508,Cecilia,Velasco,cecilia.velasco@rodrigues.fr
5509,Cecilia,Velasco,cecilia.velasco@rodrigues.fr
5510,Cecilia,Velasco,cecilia.velasco@rodrigues.fr
5511,Cecilia,Velasco,cecilia.velasco@rodrigues.fr
5512,Cecilia,Velasco,cecilia.velasco@rodrigues.fr
5513,Cecilia,Velasco,cecilia.velasco@rodrigues.fr
5514,Cecilia,Velasco,cecilia.velasco@rodrigues.fr
5515,Cecilia,Velasco,cecilia.velasco@rodrigues.fr
5516,Cecilia,Velasco,cecilia.velasco@rodrigues.fr
5517,Cecilia,Velasco,cecilia.velasco@rodrigues.fr
5518,Cecilia,Velasco,cecilia.velasco@rodrigues.fr
5519,Cecilia,Velasco,cecilia.velasco@rodrigues.fr
5520,Cecilia,Velasco,cecilia.velasco@rodrigues.fr
5521,Cecilia,Velasco,cecilia.velasco@rodrigues.fr
5522,Cecilia,Velasco,cecilia.velasco@rodrigues.fr
5523,Cecilia,Velasco,cecilia.velasco@rodrigues.fr
5524,Cecilia,Velasco,cecilia.velasco@rodrigues.fr
5525,Cecilia,Velasco,cecilia.velasco@rodrigues.fr
5526,Cecilia,Velasco,cecilia.velasco@rodrigues.fr
5527,Cecilia,Velasco,cecilia.velasco@rodrigues.fr
5528,Cecilia,Velasco,cecilia.velasco@rodrigues.fr
5529,Cecilia,Velasco,cecilia.velasco@rodrigues.fr
5530,Cecilia,Velasco,cecilia.velasco@rodrigues.fr
5531,Cecilia,Velasco,cecilia.velasco@rodrigues.fr
5532,Cecilia,Velasco,cecilia.velasco@rodrigues.fr
5533,Cecilia,Velasco,cecilia.velasco@rodrigues.fr
5534,Cecilia,Velasco,cecilia.velasco@rodrigues.fr
5535,Cecilia,Velasco,cecilia.velasco@rodrigues.fr
5536,Cecilia,Velasco,cecilia.velasco@rodrigues.fr
5537,Cecilia,Velasco,cecilia.velasco@rodrigues.fr
5538,Cecilia,Velasco,cecilia.velasco@rodrigues.fr
5539,Cecilia,Velasco,cecilia.velasco@rodrigues.fr
5540,Cecilia,Velasco,cecilia.velasco@rodrigues.fr
5541,Cecilia,Velasco,cecilia.velasco@rodrigues.fr
5542,Cecilia,Velasco,cecilia.velasco@rodrigues.fr
5543,Cecilia,Velasco,cecilia.velasco@rodrigues.fr
5544,Cecilia,Velasco,cecilia.velasco@rodrigues.fr
5545,Cecilia,Velasco,cecilia.velasco@rodrigues.fr
5546,Cecilia,Velasco,cecilia.velasco@rodrigues.fr
5547,Cecilia,Velasco,cecilia.velasco@rodrigues.fr
5548,Cecilia,Velasco,cecilia.velasco@rodrigues.fr
5549,Cecilia,Velasco,cecilia.velasco@rodrigues.fr
5550,Cecilia,Velasco,cecilia.velasco@rodrigues.fr
5551,Cecilia,Velasco,cecilia.velasco@rodrigues.fr
5552,Cecilia,Velasco,cecilia.velasco@rodrigues.fr
5553,Cecilia,Velasco,cecilia.velasco@rodrigues.fr
5554,Cecilia,Velasco,cecilia.velasco@rodrigues.fr
5555,Cecilia,Velasco,cecilia.velasco@rodrigues.fr
5556,Cecilia,Velasco,cecilia.velasco@rodrigues.fr
5557,Cecilia,Velasco,cecilia.velasco@rodrigues.fr
5558,Cecilia,Velasco,cecilia.velasco@rodrigues.fr
5559,Cecilia,Velasco,cecilia.velasco@rodrigues.fr
5560,Cecilia,Velasco,cecilia.velasco@rodrigues.fr
5561,Cecilia,Velasco,cecilia.velasco@rodrigues.fr
5562,Cecilia,Velasco,cecilia.velasco@rodrigues.fr
5563,Cecilia,Velasco,cecilia.velasco@rodrigues.fr
5564,Cecilia,Velasco,cecilia.velasco@rodrigues.fr
5565,Cecilia,Velasco,cecilia.velasco@rodrigues.fr
5566,Cecilia,Velasco,cecilia.velasco@rodrigues.fr
5567,Cecilia,Velasco,cecilia.velasco@rodrigues.fr
5568,Cecilia,Velasco,cecilia.velasco@rodrigues.fr
5569,Cecilia,Velasco,cecilia.velasco@rodrigues.fr
5570,Cecilia,Velasco,cecilia.velasco@rodrigues.fr
5571,Cecilia,Velasco,cecilia.velasco@rodrigues.fr
5572,Cecilia,Velasco,cecilia.velasco@rodrigues.fr
5573,Cecilia,Velasco,cecilia.velasco@rodrigues.fr
5574,Cecilia,Velasco,cecilia.velasco@rodrigues.fr
5575,Cecilia,Velasco,cecilia.velasco@rodrigues.fr
5576,Cecilia,Velasco,cecilia.velasco@rodrigues.fr
5577,Cecilia,Velasco,cecilia.velasco@rodrigues.fr
5578,Cecilia,Velasco,cecilia.velasco@rodrigues.fr
5579,Cecilia,Velasco,cecilia.velasco@rodrigues.fr
5580,Cecilia,Velasco,cecilia.velasco@rodrigues.fr
5581,Cecilia,Velasco,cecilia.velasco@rodrigues.fr
5582,Cecilia,Velasco,cecilia.velasco@rodrigues.fr
5583,Cecilia,Velasco,cecilia.velasco@rodrigues.fr
5584,Cecilia,Velasco,cecilia.velasco@rodrigues.fr
5585,Cecilia,Velasco,cecilia.velasco@rodrigues.fr
5586,Cecilia,Velasco,cecilia.velasco@rodrigues.fr
5587,Cecilia,Velasco,cecilia.velasco@rodrigues.fr
5588,Cecilia,Velasco,cecilia.velasco@rodrigues.fr
5589,Cecilia,Velasco,cecilia.velasco@rodrigues.fr
5590,Cecilia,Velasco,cecilia.velasco@rodrigues.fr
5591,Cecilia,Velasco,cecilia.velasco@rodrigues.fr
5592,Cecilia,Velasco,cecilia.velasco@rodrigues.fr
5593,Cecilia,Velasco,cecilia.velasco@rodrigues.fr
5594,Cecilia,Velasco,cecilia.velasco@rodrigues.fr
5595,Cecilia,Velasco,cecilia.velasco@rodrigues.fr
5596,Cecilia,Velasco,cecilia.velasco@rodrigues.fr
5597,Cecilia,Velasco,cecilia.velasco@rodrigues.fr
5598,Cecilia,Velasco,cecilia.velasco@rodrigues.fr
5599,Cecilia,Velasco,cecilia.velasco@rodrigues.fr
5600,Cecilia,Velasco,cecilia.velasco@rodrigues.fr
5601,Cecilia,Velasco,cecilia.velasco@rodrigues.fr
5602,Cecilia,Velasco,cecilia.velasco@rodrigues.fr
5603,Cecilia,Velasco,cecilia.velasco@rodrigues.fr
5604,Cecilia,Velasco,cecilia.velasco@rodrigues.fr
5605,Cecilia,Velasco,cecilia.velasco@rodrigues.fr
5606,Cecilia,Velasco,cecilia.velasco@rodrigues.fr
5607,Cecilia,Velasco,cecilia.velasco@rodrigues.fr
5608,Cecilia,Velasco,cecilia.velasco@rodrigues.fr
5609,Cecilia,Velasco,cecilia.velasco@rodrigues.fr
5610,Cecilia,Velasco,cecilia.velasco@rodrigues.fr
5611,Cecilia,Velasco,cecilia.velasco@rodrigues.fr
5612,Cecilia,Velasco,cecilia.velasco@rodrigues.fr
5613,Cecilia,Velasco,cecilia.velasco@rodrigues.fr
5614,Cecilia,Velasco,cecilia.velasco@rodrigues.fr
5615,Cecilia,Velasco,cecilia.velasco@rodrigues.fr
5616,Cecilia,Velasco,cecilia.velasco@rodrigues.fr
5617,Cecilia,Velasco,cecilia.velasco@rodrigues.fr
5618,Cecilia,Velasco,cecilia.velasco@rodrigues.fr
5619,Cecilia,Velasco,cecilia.velasco@rodrigues.fr
5620,Cecilia,Velasco,cecilia.velasco@rodrigues.fr
5621,Cecilia,Velasco,cecilia.velasco@rodrigues.fr
5622,Cecilia,Velasco,cecilia.velasco@rodrigues.fr
5623,Cecilia,Velasco,cecilia.velasco@rodrigues.fr
5624,Cecilia,Velasco,cecilia.velasco@rodrigues.fr
5625,Cecilia,Velasco,cecilia.velasco@rodrigues.fr
5626,Cecilia,Velasco,cecilia.velasco@rodrigues.fr
5627,Cecilia,Velasco,cecilia.velasco@rodrigues.fr
5628,Cecilia,Velasco,cecilia.velasco@rodrigues.fr
5629,Cecilia,Velasco,cecilia.velasco@rodrigues.fr
5630,Cecilia,Velasco,cecilia.velasco@rodrigues.fr
5631,Cecilia,Velasco,cecilia.velasco@rodrigues.fr
5632,Cecilia,Velasco,cecilia.velasco@rodrigues.fr
5633,Cecilia,Velasco,cecilia.velasco@rodrigues.fr
5634,Cecilia,Velasco,cecilia.velasco@rodrigues.fr
5635,Cecilia,Velasco,cecilia.velasco@rodrigues.fr
5636,Cecilia,Velasco,cecilia.velasco@rodrigues.fr
5637,Cecilia,Velasco,cecilia.velasco@rodrigues.fr
5638,Cecilia,Velasco,cecilia.velasco@rodrigues.fr
5639,Cecilia,Velasco,cecilia.velasco@rodrigues.fr
5640,Cecilia,Velasco,cecilia.velasco@rodrigues.fr
5641,Cecilia,Velasco,cecilia.velasco@rodrigues.fr
5642,Cecilia,Velasco,cecilia.velasco@rodrigues.fr
5643,Cecilia,Velasco,cecilia.velasco@rodrigues.fr
5644,Cecilia,Velasco,cecilia.velasco@rodrigues.fr
5645,Cecilia,Velasco,cecilia.velasco@rodrigues.fr
5646,Cecilia,Velasco,cecilia.velasco@rodrigues.fr
5647,Cecilia,Velasco,cecilia.velasco@rodrigues.fr
5648,Cecilia,Velasco,cecilia.velasco@rodrigues.fr
5649,Cecilia,Velasco,cecilia.velasco@rodrigues.fr
5650,Cecilia,Velasco,cecilia.velasco@rodrigues.fr
5651,Cecilia,Velasco,cecilia.velasco@rodrigues.fr
5652,Cecilia,Velasco,cecilia.velasco@rodrigues.fr
5653,Cecilia,Velasco,cecilia.velasco@rodrigues.fr
5654,Cecilia,Velasco,cecilia.velasco@rodrigues.fr
5655,Cecilia,Velasco,cecilia.velasco@rodrigues.fr
5656,Cecilia,Velasco,cecilia.velasco@rodrigues.fr
5657,Cecilia,Velasco,cecilia.velasco@rodrigues.fr
5658,Cecilia,Velasco,cecilia.velasco@rodrigues.fr
5659,Cecilia,Velasco,cecilia.velasco@rodrigues.fr
5660,Cecilia,Velasco,cecilia.velasco@rodrigues.fr
